month,Central Dry Zone,Ayeyarwady Delta,Yangon area,Chin Hills,Shan Plateau,Rakhine Coast
2002-04,-36.57,-18.29,-24.58,-31.66,-32.03,-13.64
2002-05,-33.67,-14.8,-21.1,-27.36,-28.56,-12.58
2002-08,23.51,11.91,16.89,27.61,22.99,9.28
2002-09,18.53,14.09,19.75,17.74,22.41,7.9
2002-10,12.37,12.48,19.03,12.42,16.61,3.14
2002-11,9.26,8.52,13.52,6.63,13.27,2.19
2002-12,3.14,6.37,11.33,-2.06,12.83,-0.55
2003-01,-4.6,1.2,4.09,-11.06,2.44,-2.98
2003-02,-19.29,-8.19,-8.73,-23.18,-10.76,-8.36
2003-03,-21.46,-9.09,-9.88,-24.26,-15.65,-10.75
2003-04,-35.83,-12.79,-16.24,-34.43,-24.6,-14.4
2003-05,-32.97,-8.77,-12.81,-29.63,-25.26,-11.82
2003-07,16.56,8.1,13.42,22.54,-0.6,4.56
2003-08,16.89,12.53,17.19,20.82,9.75,7.54
2003-09,16.24,15.08,20.73,19.45,18.61,7.22
2003-10,25.85,13.78,19.62,29.17,13.39,8.49
2003-11,2.98,2.98,4.02,2.52,4.23,2.43
2003-12,-8.44,-4.34,-4.88,-9.47,-2.76,-3.43
2004-01,-5.36,-7.66,-8.64,-7.09,-11.02,-2.75
2004-02,-28.51,-17.55,-21.0,-28.23,-23.87,-12.74
2004-03,-25.81,-15.84,-19.25,-26.27,-31.49,-13.43
2004-04,-28.19,-20.33,-26.12,-24.28,-32.84,-13.34
2004-05,-31.19,-12.93,-20.39,-25.05,-28.86,-9.55
2004-06,-4.25,0.43,-1.43,1.84,-12.89,0.28
2004-07,21.14,9.02,11.82,33.1,4.53,8.54
2004-08,13.29,15.31,20.02,20.4,17.7,8.76
2004-09,25.44,13.65,19.59,28.85,29.42,10.29
2004-10,26.31,8.56,14.04,28.24,27.28,8.8
2004-11,12.24,0.51,1.49,10.28,12.7,4.89
2004-12,-2.5,-8.21,-9.58,-4.77,2.69,-2.22
2005-01,-2.95,-7.62,-9.33,-6.44,-9.14,-4.36
2005-02,-19.66,-14.06,-18.17,-19.58,-20.29,-8.55
2005-03,-30.67,-17.04,-22.33,-28.07,-22.93,-11.89
2005-04,-32.86,-16.6,-23.78,-26.35,-32.15,-12.69
2005-05,-36.11,-16.97,-25.97,-28.02,-36.16,-12.56
2005-06,-24.54,-5.1,-10.81,-16.38,-26.75,-6.82
2005-07,-6.48,0.78,-1.23,-0.25,-3.56,0.62
2005-08,11.32,7.0,9.91,15.96,10.29,6.55
2005-09,16.19,12.02,17.14,15.59,21.54,8.58
2005-10,17.84,9.22,14.07,16.65,22.32,7.83
2005-11,12.99,8.61,11.93,9.34,19.3,5.89
2005-12,5.53,4.1,6.08,0.73,3.65,2.59
2006-01,-10.62,-5.68,-6.35,-15.89,-2.27,-3.91
2006-02,-16.98,-9.35,-11.63,-21.42,-12.22,-6.57
2006-03,-26.2,-13.96,-17.94,-27.85,-23.72,-11.16
2006-04,-28.31,-9.8,-15.01,-29.4,-31.07,-11.39
2006-05,-24.59,-5.17,-8.44,-25.47,-22.55,-8.61
2006-06,-4.42,2.25,3.46,-1.13,-8.55,-0.18
2006-07,9.42,10.64,13.82,10.71,7.01,6.53
2006-08,17.73,10.75,15.53,16.44,19.23,9.1
2006-09,24.39,11.68,20.3,22.17,27.03,8.18
2006-10,21.04,12.25,20.2,14.45,32.99,8.26
2006-11,16.44,7.4,14.96,7.7,24.01,3.74
2006-12,-2.25,-0.41,2.74,-8.62,8.16,-1.89
2007-01,2.18,-1.33,0.32,-4.57,-4.92,-2.52
2007-02,-13.57,-7.23,-8.81,-17.55,-11.17,-6.19
2007-03,-13.55,-9.76,-12.02,-16.97,-21.28,-9.41
2007-04,-30.17,-11.91,-17.77,-29.76,-26.78,-10.77
2007-05,-11.48,0.35,-1.17,-10.88,-11.76,-3.64
2007-06,4.97,2.52,3.12,10.45,-5.56,1.82
2007-07,23.79,11.49,14.9,28.89,5.52,10.31
2007-08,27.21,14.68,19.48,30.33,25.86,12.53
2007-09,33.83,13.92,20.14,35.87,27.6,13.53
2007-10,33.71,15.39,23.41,31.52,31.19,11.19
2007-11,27.05,11.56,15.41,22.38,22.25,9.68
2007-12,7.81,2.29,3.79,4.43,7.98,2.6
2008-01,5.25,-0.43,-0.57,1.97,-0.25,-0.72
2008-02,-2.7,-4.58,-6.71,-3.69,-12.09,-3.62
2008-03,-21.54,-8.24,-12.85,-20.71,-15.2,-7.54
2008-04,-30.41,-11.15,-17.95,-27.92,-24.7,-9.57
2008-05,-21.66,-1.35,-4.47,-19.41,-17.18,-5.9
2008-06,-6.27,-0.03,-0.88,-1.81,-5.2,-0.95
2008-07,12.26,6.96,8.85,19.38,13.85,6.44
2008-08,24.93,13.47,18.13,27.39,29.59,10.79
2008-09,25.68,11.17,16.73,27.98,30.72,9.6
2008-10,23.38,8.39,12.03,22.35,25.83,9.76
2008-11,22.75,9.27,11.83,17.41,25.23,7.39
2008-12,9.92,3.36,2.97,4.57,10.14,3.55
2009-01,-4.72,-6.11,-8.21,-8.52,-1.75,-3.12
2009-02,-14.02,-9.12,-12.52,-18.42,-11.44,-6.92
2009-03,-17.61,-11.14,-17.46,-19.11,-22.77,-6.68
2009-04,-27.08,-11.54,-18.13,-27.18,-22.92,-9.87
2009-05,-22.47,-9.13,-16.25,-22.5,-20.77,-8.14
2009-06,-6.26,0.98,-2.07,-6.66,-8.78,-0.5
2009-07,12.54,6.17,6.97,12.77,9.46,5.24
2009-08,19.22,8.92,11.7,21.9,20.59,6.85
2009-09,29.13,12.05,16.34,27.59,25.76,10.1
2009-10,23.77,8.83,12.06,19.78,23.34,8.3
2009-11,10.03,2.23,2.94,5.75,11.58,1.62
2009-12,5.27,-0.85,-3.03,1.12,0.5,-0.06
2010-01,-6.47,-7.3,-11.88,-9.34,-10.42,-4.57
2010-02,-21.45,-15.46,-22.72,-22.58,-22.19,-9.4
2010-03,-23.33,-13.93,-21.04,-24.13,-31.69,-10.8
2010-04,-26.71,-17.69,-28.2,-19.3,-35.7,-11.94
2010-05,-26.1,-12.71,-22.29,-17.3,-34.88,-9.59
2010-06,-3.27,-5.44,-12.23,6.62,-22.47,-0.35
2010-07,5.33,-3.06,-7.4,14.72,-5.7,3.37
2010-08,16.86,5.6,3.97,24.98,9.75,8.02
2010-09,29.09,10.65,12.81,36.49,16.74,11.58
2010-10,26.93,12.54,14.05,30.63,22.45,12.11
2010-11,21.78,7.27,8.68,20.81,13.93,8.91
2010-12,6.71,2.97,1.96,2.79,11.41,2.74
2011-02,-11.6,-9.58,-14.16,-13.67,-11.68,-5.66
2011-03,-25.46,-11.96,-17.98,-25.18,-21.79,-8.06
2011-04,-22.56,-11.5,-17.39,-20.23,-22.05,-7.86
2011-05,-12.86,-3.57,-7.2,-11.0,-12.14,-4.89
2011-07,21.13,9.72,11.82,26.93,14.56,9.36
2011-08,33.84,15.25,21.9,38.9,28.12,12.92
2011-09,31.93,13.31,20.72,34.06,41.73,11.29
2011-10,39.97,14.95,22.97,36.93,34.37,13.74
2011-11,39.07,12.58,19.3,34.91,30.39,12.09
2012-01,15.55,1.95,0.93,9.29,5.42,4.79
2012-01,4.08,-2.88,-6.04,1.1,2.34,0.68
2012-02,-16.76,-10.06,-14.8,-18.63,-6.3,-6.53
2012-03,-18.98,-9.97,-15.26,-19.61,-7.87,-10.6
2012-04,-20.11,-12.23,-18.21,-19.37,-15.71,-7.45
2012-06,-9.45,-1.41,-4.88,-2.24,-14.19,-1.39
2012-07,7.2,2.46,0.72,16.27,1.7,6.05
2012-08,13.5,10.58,13.39,16.17,27.48,11.06
2012-09,25.89,8.85,12.54,29.13,32.18,10.77
2012-11,13.65,4.48,2.89,12.58,14.62,5.68
2012-12,-1.83,-2.05,-4.8,-3.72,4.03,-0.91
2013-01,-7.08,-4.48,-7.69,-9.91,-0.42,-5.01
2013-02,-17.85,-10.14,-15.92,-20.72,-13.25,-7.1
2013-04,-27.64,-13.19,-22.39,-28.91,-29.19,-10.51
2013-05,-22.03,-11.42,-21.94,-17.2,-31.91,-7.48
2013-06,-6.53,-5.38,-12.86,-1.47,-23.58,-0.15
2013-07,3.76,0.28,-4.05,8.26,-2.13,5.11
2013-10,33.23,11.07,14.65,28.11,33.88,12.76
2013-11,25.03,6.68,9.27,17.04,27.18,7.98
2013-12,8.04,-1.32,-2.32,1.47,13.39,2.08
2014-01,7.3,-1.7,-3.18,0.1,10.13,0.8
2014-03,-7.58,-12.44,-17.56,-15.36,-17.98,-7.57
2014-04,-23.53,-16.47,-23.74,-26.52,-28.59,-11.51
2014-05,-26.37,-12.13,-20.9,-27.51,-26.27,-8.84
2014-06,-7.25,-2.28,-7.91,-7.8,-23.56,-1.39
2014-08,16.63,6.49,5.95,21.29,11.83,11.04
2014-09,20.77,6.84,9.39,24.21,25.0,8.34
2014-10,20.62,6.86,8.24,19.25,25.81,7.01
2014-11,8.52,1.92,0.03,3.66,13.56,4.73
2015-01,-8.42,-8.51,-16.78,-15.29,-7.0,-1.29
2015-02,-21.08,-13.36,-18.45,-27.93,-11.9,-8.39
2015-03,-28.38,-18.2,-28.45,-40.21,-10.45,-12.49
2015-04,-20.57,-16.8,-26.93,-20.32,-26.77,-8.95
2015-04,-22.13,-18.08,-28.65,-22.09,-25.39,-10.15
2015-07,7.48,1.86,-0.58,11.98,2.47,5.22
2015-08,27.52,8.84,10.21,28.62,21.34,11.38
2015-09,28.59,8.2,10.02,32.8,22.55,11.32
2015-12,-2.24,-6.61,-12.67,-3.08,0.56,-1.35
2016-01,-18.55,-10.17,-14.91,-33.1,9.78,-8.09
2016-02,-11.71,-9.29,-14.04,-21.16,-4.42,-5.81
2016-03,-7.7,-14.62,-23.75,-11.17,-25.2,-5.2
2016-05,-20.27,-15.17,-28.48,-13.74,-29.57,-6.68
2016-06,3.69,1.97,-4.24,7.3,0.49,4.34
2016-07,16.58,6.12,3.36,23.1,10.48,10.11
2016-08,27.16,10.5,10.35,27.17,24.76,12.41
2016-11,23.68,11.14,13.67,16.67,32.92,7.66
2016-12,10.15,0.76,-1.66,3.07,21.08,1.79
2017-01,4.75,-4.98,-9.84,0.09,4.79,-0.16
2017-03,-20.9,-15.2,-25.47,-19.05,-22.36,-8.47
2017-04,-17.21,-15.07,-25.75,-12.37,-22.64,-6.71
2017-05,-18.2,-12.97,-23.1,-12.6,-22.57,-6.97
2017-06,5.75,-0.84,-5.92,6.73,-9.98,2.66
2018-06,25.1,4.81,2.29,26.2,2.52,7.29
2018-07,29.06,8.86,8.95,32.28,17.81,9.78
2018-10,29.99,9.56,11.66,22.21,39.55,10.37
2018-11,29.03,9.13,8.92,21.8,29.73,10.03
2018-12,12.67,0.18,-2.59,7.07,14.75,3.88
2019-01,4.49,-4.9,-8.92,-1.29,11.76,-0.03
2019-02,-5.79,-8.72,-13.41,-13.25,5.78,-4.23
2019-03,-16.22,-13.58,-21.12,-19.29,-3.96,-7.49
2019-04,-17.46,-13.65,-23.06,-18.87,-17.78,-7.81
2019-05,-27.72,-17.45,-30.31,-22.78,-30.55,-10.84
2019-06,-14.74,-6.41,-14.99,-11.08,-20.49,-4.81
2019-07,13.79,3.82,-1.06,19.74,-10.98,5.53
2019-08,23.55,10.71,10.5,24.65,10.72,11.02
2019-09,31.46,12.45,13.68,28.7,17.03,12.87
2019-10,19.06,1.27,-0.79,21.79,7.93,6.88
2019-11,15.51,0.47,-2.3,14.78,2.48,4.55
2019-12,1.35,-6.01,-10.35,-0.07,-5.67,-1.59
2020-01,4.12,-6.55,-12.29,1.8,-11.22,-1.69
2020-02,-17.66,-13.93,-23.12,-19.81,-20.02,-7.61
2020-03,-23.65,-17.03,-28.19,-21.93,-30.25,-9.87
2020-04,-32.15,-19.77,-33.55,-28.28,-42.82,-11.22
2020-05,-27.8,-15.54,-28.32,-22.45,-40.0,-9.39
2020-06,-5.47,-6.59,-16.92,4.51,-33.6,-1.4
2020-07,9.54,-2.17,-9.4,20.59,-12.87,5.15
2020-08,20.08,4.64,0.29,26.62,7.41,10.38
2020-09,20.1,3.86,0.11,25.31,19.96,9.33
2020-10,29.58,9.15,5.67,32.32,10.11,12.79
2020-11,2.41,-1.3,-7.65,4.55,12.62,2.94
2020-12,-4.68,-6.87,-17.15,-4.84,-3.0,0.51
2021-01,-4.47,-6.77,-16.69,-6.57,-11.74,-0.88
2021-02,-14.7,-13.18,-24.76,-15.23,-20.02,-6.14
2021-03,-28.1,-18.39,-32.0,-27.63,-32.06,-9.45
2021-04,-23.93,-12.39,-24.72,-23.73,-34.37,-9.74
2021-05,-35.97,-14.93,-27.79,-33.08,-31.86,-10.49
2021-06,-18.14,-4.69,-14.69,-14.54,-26.94,-3.68
2021-07,-2.33,3.32,-3.71,0.61,-11.12,3.84
2021-08,9.55,4.23,-0.54,16.34,7.54,7.53
2021-09,22.4,8.28,7.33,23.93,13.49,9.68
2021-10,24.03,10.41,9.07,22.54,16.02,11.15
2021-11,16.46,8.09,4.74,12.52,11.42,9.5
2021-12,3.19,0.39,-5.61,0.12,0.5,2.33
2022-01,-4.05,-8.11,-15.26,-7.56,-6.63,-2.24
2022-02,-21.5,-11.4,-20.98,-21.65,-15.23,-6.85
2022-03,-26.66,-14.08,-26.32,-26.35,-26.61,-9.06
2022-04,-39.37,-17.37,-30.6,-36.17,-23.8,-12.91
2022-05,-20.28,-8.17,-19.34,-13.64,-26.9,-5.61
2022-06,1.86,0.77,-7.23,11.41,-9.1,1.65
2022-07,8.47,4.99,-1.15,17.75,-0.25,7.47
2022-08,5.0,6.73,3.6,6.97,26.19,4.02
2022-09,14.39,6.36,4.02,17.45,24.9,8.73
2022-10,33.69,14.72,15.83,38.59,24.81,11.63
2022-11,6.47,5.93,3.75,6.62,10.97,3.49
2022-12,-12.87,-1.31,-6.0,-10.96,11.58,-3.48
2023-01,-8.63,-5.4,-12.07,-10.0,-12.9,-3.21
2023-02,-19.17,-8.97,-16.85,-20.01,-15.63,-7.63
2023-03,-22.56,-12.12,-21.12,-20.78,-24.27,-9.03
2023-04,-24.82,-14.53,-24.68,-22.95,-30.71,-11.18
2023-05,-26.35,-11.94,-22.63,-22.97,-35.98,-10.13
2023-06,-14.79,-5.95,-14.34,-9.26,-29.51,-4.54
2023-07,2.72,-0.42,-6.48,10.12,-10.54,1.54
2023-08,13.56,5.87,3.59,19.7,10.39,7.18
2023-09,27.18,8.52,9.19,29.02,15.23,10.18
2023-10,30.3,10.79,14.03,30.52,19.5,8.56
2023-11,25.14,8.35,11.16,21.86,15.31,5.84
2023-12,12.37,-0.26,-1.52,9.26,8.58,0.45
2024-01,0.88,-4.28,-8.96,-3.66,-0.45,-3.42
2024-02,-15.35,-10.6,-18.53,-16.43,-12.49,-6.46
2024-03,-22.37,-11.33,-19.61,-23.05,-19.35,-9.83
2024-04,-24.83,-13.81,-23.83,-22.66,-31.12,-10.9
2024-05,-20.62,-8.87,-18.82,-16.88,-35.48,-7.53
2024-06,-4.79,0.42,-7.48,1.85,-19.87,0.45
2024-07,22.99,9.33,6.19,30.61,2.06,10.57
2024-08,28.93,11.21,12.48,29.81,22.96,12.12
2024-09,30.81,15.38,18.34,32.17,31.34,11.45
2024-10,30.17,16.28,20.82,30.93,37.77,10.58
2024-11,29.97,15.23,17.75,25.8,25.57,11.0
2024-12,11.44,6.32,4.82,8.37,16.36,3.84
2025-01,-0.06,-0.62,-5.4,-3.82,0.05,0.35
2025-02,-7.02,-5.75,-10.6,-8.3,-12.03,-5.49
2025-03,-17.82,-8.52,-15.35,-17.71,-22.06,-8.06
2025-04,-24.03,-10.53,-18.64,-21.89,-27.11,-8.24
2025-05,-9.8,-1.72,-6.29,-6.57,-20.56,-3.96
2025-06,7.32,4.04,1.57,10.69,0.4,5.51
2025-07,21.11,12.92,14.24,24.47,19.28,10.84
2025-08,34.56,17.6,22.1,37.32,37.7,12.58
2025-09,35.22,17.09,21.77,37.0,34.31,13.74
2025-10,34.68,15.41,20.3,32.43,39.65,13.62
2025-11,21.58,13.02,15.42,17.54,37.17,7.64
2025-12,5.0,4.83,5.53,0.65,23.68,0.79
2026-01,-2.24,-2.51,-4.82,-3.19,6.94,-2.29
2026-02,-10.06,-5.31,-8.18,-13.05,2.56,-6.27
2026-03,-9.51,-7.08,-12.2,-11.94,-10.58,-5.29
2026-04,-12.12,-10.34,-18.0,-9.6,-20.51,-6.22
2026-05,-15.38,-6.73,-14.09,-10.18,-13.14,-6.19
2026-06,0.39,3.26,-0.69,4.96,-5.26,1.45
2026-07,25.5,11.29,13.5,30.03,21.4,9.06
