month,temp_mean_c,temp_max_c,rain_mm_per_day,soil_surface_0to1,soil_root_0to1
1981-01,16.53,26.63,0.01,0.45,0.48
1981-02,18.78,31.66,0.14,0.39,0.47
1981-03,22.21,32.48,0.04,0.3,0.46
1981-04,23.96,34.6,0.52,0.33,0.47
1981-05,24.02,34.56,1.8,0.42,0.48
1981-06,22.9,30.61,3.92,0.53,0.52
1981-07,22.47,30.06,3.8,0.54,0.52
1981-08,22.43,29.87,2.16,0.54,0.53
1981-09,22.22,29.48,2.56,0.54,0.53
1981-10,21.11,28.34,2.85,0.56,0.54
1981-11,18.79,29.84,3.42,0.57,0.55
1981-12,16.19,25.35,0.13,0.5,0.52
1982-01,16.15,27.16,0.14,0.47,0.5
1982-02,17.91,30.46,0.01,0.43,0.48
1982-03,22.28,33.81,0.02,0.33,0.47
1982-04,24.11,33.71,0.11,0.31,0.46
1982-05,24.45,35.18,1.64,0.4,0.47
1982-06,23.08,30.83,2.47,0.51,0.51
1982-07,22.92,30.96,1.35,0.48,0.49
1982-08,22.43,30.51,2.37,0.5,0.5
1982-09,21.92,30.17,3.78,0.55,0.53
1982-10,21.13,29.14,2.62,0.55,0.53
1982-11,19.24,28.05,0.35,0.47,0.49
1982-12,16.09,27.09,0.04,0.44,0.48
1983-01,15.12,26.72,0.01,0.39,0.47
1983-02,17.81,29.35,0.01,0.33,0.47
1983-03,21.65,32.74,0.02,0.28,0.46
1983-04,25.03,35.87,0.91,0.27,0.46
1983-05,24.73,34.53,0.43,0.38,0.47
1983-06,24.41,32.72,0.94,0.39,0.47
1983-07,24.0,33.05,0.72,0.35,0.47
1983-08,23.03,30.39,2.65,0.48,0.49
1983-09,22.85,32.02,1.4,0.48,0.5
1983-10,22.39,31.74,2.01,0.49,0.5
1983-11,18.27,27.79,2.12,0.5,0.5
1983-12,16.03,26.57,0.17,0.42,0.48
1984-01,16.5,28.05,0.0,0.36,0.47
1984-02,19.88,32.37,0.12,0.3,0.46
1984-03,21.99,33.96,0.04,0.25,0.46
1984-04,24.73,34.4,0.79,0.29,0.47
1984-05,24.91,34.06,0.78,0.34,0.47
1984-06,22.74,30.79,3.91,0.53,0.51
1984-07,22.33,30.15,2.15,0.49,0.5
1984-08,22.15,30.14,4.47,0.55,0.53
1984-09,22.08,29.43,1.62,0.53,0.53
1984-10,20.95,28.14,2.19,0.53,0.53
1984-11,19.87,28.58,0.02,0.46,0.49
1984-12,17.15,26.75,0.0,0.43,0.48
1985-01,16.94,27.2,0.02,0.38,0.47
1985-02,17.63,29.93,0.0,0.31,0.46
1985-03,22.3,34.11,0.0,0.25,0.46
1985-04,24.64,36.0,0.8,0.32,0.47
1985-05,23.89,33.76,3.92,0.45,0.5
1985-06,22.47,30.44,3.86,0.56,0.54
1985-07,21.6,29.18,2.49,0.54,0.53
1985-08,21.88,29.72,1.74,0.53,0.53
1985-09,22.14,29.09,2.24,0.53,0.53
1985-10,21.42,30.88,1.16,0.5,0.51
1985-11,18.89,28.55,1.49,0.5,0.51
1985-12,16.9,27.43,0.01,0.45,0.48
1986-01,16.71,27.78,0.0,0.39,0.47
1986-02,18.68,29.87,0.0,0.32,0.47
1986-03,21.45,33.99,0.07,0.28,0.46
1986-04,24.37,34.98,0.53,0.31,0.46
1986-05,23.88,33.07,2.25,0.45,0.48
1986-06,23.8,33.15,1.43,0.45,0.48
1986-07,22.59,31.76,1.07,0.44,0.48
1986-08,23.33,32.27,1.8,0.46,0.49
1986-09,22.47,31.57,1.85,0.47,0.49
1986-10,21.38,30.05,1.77,0.49,0.5
1986-11,20.05,29.27,0.58,0.44,0.48
1986-12,18.02,28.4,1.85,0.36,0.47
1987-01,16.43,28.62,0.39,0.48,0.5
1987-02,18.46,30.45,0.13,0.37,0.47
1987-03,21.14,33.44,0.11,0.29,0.46
1987-04,23.85,34.86,0.67,0.3,0.46
1987-05,25.11,34.73,0.91,0.39,0.47
1987-06,24.27,33.31,1.41,0.44,0.48
1987-07,22.72,30.61,2.19,0.48,0.49
1987-08,23.21,31.7,2.34,0.49,0.49
1987-09,22.81,31.46,1.85,0.5,0.5
1987-10,22.91,31.82,0.51,0.43,0.48
1987-11,21.53,31.09,0.71,0.43,0.48
1987-12,17.29,27.72,0.0,0.33,0.47
1988-01,17.65,29.12,0.0,0.27,0.46
1988-02,19.99,31.83,0.02,0.23,0.46
1988-03,22.5,34.78,0.01,0.2,0.46
1988-04,24.74,37.3,0.59,0.26,0.46
1988-05,24.11,33.78,2.96,0.49,0.5
1988-06,22.63,30.65,3.55,0.53,0.52
1988-07,23.12,32.6,1.98,0.5,0.51
1988-08,23.36,31.23,1.39,0.48,0.5
1988-09,23.6,32.33,1.25,0.47,0.49
1988-10,22.06,31.72,3.0,0.52,0.51
1988-11,18.8,28.78,1.43,0.48,0.5
1988-12,17.87,27.34,0.01,0.45,0.48
1989-01,16.04,27.42,0.15,0.38,0.47
1989-02,18.39,31.07,0.0,0.3,0.46
1989-03,22.23,34.28,0.12,0.26,0.46
1989-04,25.02,35.86,0.19,0.26,0.46
1989-05,25.25,35.36,1.51,0.38,0.48
1989-06,23.66,32.07,0.99,0.41,0.47
1989-07,23.58,32.84,1.86,0.44,0.48
1989-08,23.26,32.98,1.37,0.47,0.49
1989-09,23.47,33.11,0.96,0.43,0.48
1989-10,22.42,31.7,1.44,0.45,0.48
1989-11,20.39,30.66,0.16,0.33,0.47
1989-12,16.27,26.7,0.01,0.28,0.46
1990-01,17.3,29.63,0.0,0.22,0.46
1990-02,18.82,30.25,0.22,0.24,0.46
1990-03,21.22,32.13,0.08,0.23,0.46
1990-04,24.48,35.4,0.06,0.18,0.46
1990-05,23.64,33.88,2.65,0.42,0.48
1990-06,23.78,31.66,1.01,0.43,0.48
1990-07,23.21,31.7,1.56,0.44,0.48
1990-08,24.19,33.04,0.78,0.4,0.48
1990-09,23.66,32.85,1.29,0.43,0.48
1990-10,23.71,32.42,0.31,0.37,0.47
1990-11,20.87,30.74,0.22,0.32,0.47
1990-12,17.62,28.3,0.0,0.26,0.46
1991-01,17.32,28.18,0.02,0.22,0.46
1991-02,19.58,32.01,0.0,0.18,0.46
1991-03,23.98,34.84,0.01,0.16,0.46
1991-04,25.32,35.96,0.34,0.2,0.46
1991-05,26.18,35.28,0.66,0.29,0.46
1991-06,23.52,32.42,1.74,0.45,0.48
1991-07,23.68,31.85,0.59,0.36,0.47
1991-08,23.44,32.45,1.75,0.43,0.48
1991-09,23.8,32.65,0.89,0.41,0.48
1991-10,22.9,31.58,0.4,0.35,0.47
1991-11,19.94,28.94,0.59,0.39,0.47
1991-12,16.65,27.01,0.15,0.28,0.46
1992-01,15.57,26.54,0.0,0.26,0.46
1992-02,16.57,27.43,0.19,0.25,0.46
1992-03,21.92,35.14,0.13,0.22,0.46
1992-04,24.8,35.25,1.03,0.33,0.47
1992-05,24.76,35.68,0.98,0.35,0.47
1992-06,23.83,34.46,3.33,0.51,0.51
1992-07,22.85,31.31,2.37,0.49,0.49
1992-08,23.02,32.17,2.98,0.52,0.52
1992-09,22.35,31.2,3.03,0.54,0.53
1992-10,20.67,30.58,1.31,0.5,0.51
1992-11,17.97,27.31,0.28,0.47,0.49
1992-12,15.33,25.95,1.28,0.46,0.49
1993-01,15.27,25.45,0.0,0.44,0.48
1993-02,18.16,29.79,0.01,0.35,0.47
1993-03,21.55,32.72,0.12,0.3,0.46
1993-04,24.81,34.83,0.37,0.28,0.46
1993-05,24.1,33.06,0.84,0.33,0.47
1993-06,23.5,32.07,1.81,0.47,0.49
1993-07,24.1,32.66,0.62,0.4,0.48
1993-08,23.18,31.97,1.66,0.4,0.47
1993-09,23.6,32.78,1.18,0.44,0.48
1993-10,22.51,30.94,0.35,0.4,0.48
1993-11,20.12,29.36,0.02,0.29,0.46
1993-12,18.12,29.12,0.0,0.26,0.46
1994-01,18.22,29.45,0.02,0.22,0.46
1994-02,19.07,30.68,0.01,0.2,0.46
1994-03,21.95,33.19,1.03,0.23,0.47
1994-04,25.07,35.84,0.17,0.31,0.46
1994-05,26.04,34.81,0.59,0.3,0.46
1994-06,24.31,33.35,1.02,0.38,0.47
1994-07,23.65,31.01,1.1,0.38,0.47
1994-08,23.05,31.46,1.6,0.44,0.48
1994-09,23.54,32.74,0.83,0.39,0.48
1994-10,22.59,32.28,0.2,0.34,0.47
1994-11,19.77,29.45,0.78,0.29,0.46
1994-12,16.97,26.82,0.19,0.37,0.47
1995-01,17.12,28.16,0.0,0.25,0.46
1995-02,18.28,30.16,0.01,0.21,0.46
1995-03,22.9,34.39,0.08,0.19,0.46
1995-04,25.75,36.07,0.05,0.18,0.46
1995-05,24.97,35.27,1.69,0.34,0.47
1995-06,23.91,31.43,0.74,0.43,0.48
1995-07,23.62,31.86,1.27,0.39,0.47
1995-08,23.7,34.52,0.94,0.41,0.48
1995-09,23.95,32.58,0.66,0.37,0.47
1995-10,23.42,31.92,0.56,0.37,0.47
1995-11,20.44,30.71,0.34,0.32,0.47
1995-12,16.74,27.19,0.0,0.26,0.46
1996-01,16.7,28.34,0.0,0.21,0.46
1996-02,19.09,30.74,0.19,0.21,0.46
1996-03,22.49,33.9,0.05,0.19,0.46
1996-04,24.8,35.51,0.4,0.22,0.46
1996-05,25.03,35.22,0.58,0.31,0.46
1996-06,23.81,32.38,0.97,0.37,0.47
1996-07,23.88,33.54,0.87,0.36,0.47
1996-08,23.11,32.36,0.88,0.38,0.47
1996-09,24.55,34.03,0.44,0.33,0.47
1996-10,23.35,33.55,0.49,0.33,0.47
1996-11,21.22,29.99,0.46,0.33,0.47
1996-12,18.79,28.49,0.01,0.25,0.46
1997-01,16.0,27.02,0.0,0.2,0.46
1997-02,17.08,29.88,0.0,0.17,0.46
1997-03,21.9,32.71,0.13,0.17,0.46
1997-04,22.98,33.07,0.14,0.2,0.46
1997-05,24.89,35.23,1.41,0.35,0.47
1997-06,23.62,31.08,1.65,0.46,0.48
1997-07,23.36,31.01,1.87,0.47,0.48
1997-08,22.97,31.5,3.02,0.51,0.5
1997-09,22.48,31.14,0.97,0.47,0.49
1997-10,22.89,31.72,0.95,0.41,0.48
1997-11,20.41,29.81,0.18,0.41,0.48
1997-12,18.86,30.19,0.01,0.32,0.47
1998-01,17.54,28.72,0.05,0.28,0.46
1998-02,19.08,31.25,0.0,0.23,0.46
1998-03,22.33,34.59,0.06,0.2,0.46
1998-04,25.25,35.81,0.21,0.22,0.46
1998-05,25.74,35.85,1.08,0.35,0.47
1998-06,25.35,33.33,0.5,0.36,0.47
1998-07,24.06,33.11,0.7,0.35,0.47
1998-08,24.52,34.1,0.79,0.36,0.47
1998-09,25.27,35.59,0.45,0.32,0.47
1998-10,25.25,34.3,0.13,0.22,0.46
1998-11,22.55,32.62,0.26,0.25,0.46
1998-12,19.34,30.8,0.02,0.24,0.46
1999-01,18.35,29.51,0.04,0.19,0.46
1999-02,21.83,33.6,0.06,0.16,0.46
1999-03,22.56,34.0,0.07,0.17,0.46
1999-04,25.18,37.68,0.94,0.33,0.47
1999-05,23.81,33.58,0.57,0.31,0.47
1999-06,24.14,33.6,0.36,0.32,0.47
1999-07,24.38,32.9,0.33,0.29,0.46
1999-08,23.51,32.94,0.6,0.32,0.47
1999-09,23.86,33.07,0.55,0.32,0.47
1999-10,23.67,32.84,0.49,0.29,0.46
1999-11,21.5,30.72,0.15,0.29,0.46
1999-12,16.86,28.94,0.18,0.26,0.46
2000-01,17.74,28.81,0.01,0.18,0.46
2000-02,18.97,31.09,0.16,0.19,0.46
2000-03,21.15,34.74,0.41,0.24,0.46
2000-04,24.95,35.66,0.6,0.31,0.46
2000-05,23.84,33.53,0.51,0.31,0.46
2000-06,24.48,33.23,0.49,0.31,0.46
2000-07,23.71,34.91,0.49,0.32,0.47
2000-08,24.6,35.32,0.32,0.28,0.46
2000-09,23.58,33.93,0.76,0.34,0.47
2000-10,23.62,31.68,0.96,0.31,0.47
2000-11,20.85,30.56,0.01,0.33,0.47
2000-12,18.51,29.12,0.01,0.23,0.46
2001-01,17.05,29.32,0.06,0.22,0.46
2001-02,20.01,30.95,0.01,0.18,0.46
2001-03,22.7,34.43,0.07,0.17,0.46
2001-04,26.34,35.95,0.01,0.14,0.46
2001-05,24.47,34.31,0.18,0.17,0.46
2001-06,23.79,32.95,0.54,0.31,0.46
2001-07,24.01,32.72,0.22,0.28,0.46
2001-08,25.24,34.9,0.26,0.27,0.46
2001-09,24.93,33.55,0.44,0.29,0.46
2001-10,23.46,32.96,0.37,0.26,0.46
2001-11,19.87,30.72,0.03,0.26,0.46
2001-12,18.57,29.14,0.02,0.19,0.46
2002-01,17.45,29.08,0.01,0.18,0.46
2002-02,19.77,31.73,0.88,0.22,0.47
2002-03,22.5,34.04,0.01,0.26,0.46
2002-04,25.5,36.02,0.02,0.18,0.46
2002-05,24.86,36.83,1.03,0.34,0.47
2002-06,24.48,33.7,1.09,0.39,0.47
2002-07,23.64,31.4,0.91,0.42,0.47
2002-08,23.88,35.23,0.37,0.33,0.47
2002-09,23.93,35.29,0.87,0.36,0.47
2002-10,22.84,32.18,1.08,0.39,0.48
2002-11,20.76,31.95,0.61,0.39,0.47
2002-12,17.65,29.2,0.25,0.32,0.46
2003-01,16.69,28.49,0.59,0.38,0.47
2003-02,19.14,31.26,0.03,0.25,0.46
2003-03,21.72,32.4,0.03,0.2,0.46
2003-04,25.66,36.52,0.12,0.19,0.46
2003-05,25.91,37.47,0.32,0.25,0.46
2003-06,24.36,33.3,0.61,0.28,0.46
2003-07,24.86,34.25,0.37,0.3,0.46
2003-08,24.76,35.53,0.33,0.28,0.46
2003-09,24.86,33.79,0.46,0.28,0.46
2003-10,24.11,32.94,0.58,0.32,0.46
2003-11,21.23,31.67,0.06,0.25,0.46
2003-12,18.73,28.29,0.0,0.18,0.46
2004-01,16.8,27.5,0.0,0.16,0.46
2004-02,18.39,30.18,0.0,0.15,0.46
2004-03,22.85,33.85,0.0,0.13,0.45
2004-04,24.8,36.05,0.13,0.14,0.46
2004-05,24.86,35.48,2.22,0.35,0.47
2004-06,23.94,32.21,0.39,0.42,0.48
2004-07,23.55,32.64,0.8,0.39,0.47
2004-08,23.73,32.76,0.37,0.36,0.47
2004-09,23.12,30.97,2.27,0.45,0.49
2004-10,22.42,31.85,0.79,0.44,0.48
2004-11,21.0,30.61,0.21,0.31,0.46
2004-12,16.82,27.0,0.0,0.3,0.46
2005-01,17.13,31.28,0.0,0.25,0.46
2005-02,19.74,32.27,0.0,0.21,0.46
2005-03,22.39,33.37,0.06,0.2,0.46
2005-04,24.8,34.89,0.38,0.27,0.46
2005-05,26.12,35.81,0.28,0.24,0.46
2005-06,24.85,33.43,0.78,0.32,0.46
2005-07,24.15,34.29,0.54,0.34,0.47
2005-08,24.18,32.81,0.45,0.3,0.46
2005-09,24.31,34.54,0.86,0.34,0.47
2005-10,23.97,33.58,0.27,0.27,0.46
2005-11,21.46,30.95,0.12,0.26,0.46
2005-12,18.47,30.15,0.27,0.27,0.46
2006-01,18.3,29.06,0.0,0.2,0.46
2006-02,20.08,31.6,0.03,0.16,0.46
2006-03,22.82,34.14,0.06,0.14,0.46
2006-04,24.55,35.9,0.28,0.19,0.46
2006-05,24.42,33.53,1.54,0.34,0.47
2006-06,24.86,33.34,0.39,0.37,0.47
2006-07,23.62,32.9,1.82,0.38,0.47
2006-08,23.81,32.85,0.57,0.41,0.48
2006-09,24.06,33.33,0.51,0.36,0.47
2006-10,23.59,33.46,0.29,0.32,0.47
2006-11,21.06,31.26,0.03,0.25,0.46
2006-12,17.46,29.19,0.0,0.21,0.46
2007-01,17.02,28.31,0.0,0.19,0.46
2007-02,17.68,30.05,0.0,0.17,0.46
2007-03,21.68,33.73,0.0,0.14,0.46
2007-04,24.21,35.45,0.06,0.15,0.46
2007-05,24.54,35.25,0.28,0.23,0.46
2007-06,25.37,35.23,0.29,0.23,0.46
2007-07,24.22,32.52,0.15,0.23,0.46
2007-08,24.24,34.91,1.06,0.36,0.47
2007-09,23.93,34.25,0.55,0.33,0.47
2007-10,23.01,32.77,1.29,0.43,0.48
2007-11,20.53,31.92,0.15,0.3,0.46
2007-12,18.35,29.48,0.0,0.25,0.46
2008-01,17.44,29.12,0.21,0.22,0.46
2008-02,17.97,29.72,0.05,0.26,0.46
2008-03,22.5,32.36,0.01,0.17,0.46
2008-04,25.68,36.03,0.22,0.18,0.46
2008-05,23.18,31.23,2.6,0.45,0.48
2008-06,23.1,31.4,2.28,0.49,0.49
2008-07,22.28,29.12,3.36,0.52,0.51
2008-08,22.31,29.16,3.01,0.53,0.52
2008-09,22.62,30.32,2.48,0.53,0.53
2008-10,21.55,29.21,3.76,0.56,0.54
2008-11,19.01,28.55,0.76,0.5,0.51
2008-12,16.62,26.82,0.06,0.46,0.49
2009-01,16.83,27.86,0.01,0.42,0.48
2009-02,19.29,30.46,0.0,0.33,0.47
2009-03,21.31,31.63,0.81,0.37,0.47
2009-04,24.11,35.17,0.63,0.37,0.47
2009-05,24.53,34.87,1.75,0.44,0.48
2009-06,23.23,31.12,2.38,0.49,0.49
2009-07,23.21,31.68,1.87,0.49,0.5
2009-08,23.21,32.57,2.4,0.5,0.5
2009-09,23.12,32.71,1.56,0.48,0.49
2009-10,23.32,31.47,1.43,0.48,0.49
2009-11,20.77,31.08,0.13,0.37,0.47
2009-12,17.1,27.08,0.01,0.32,0.46
2010-01,17.74,28.64,0.54,0.32,0.46
2010-02,18.59,29.87,0.0,0.3,0.46
2010-03,22.43,33.79,0.17,0.23,0.46
2010-04,25.02,35.36,0.54,0.3,0.46
2010-05,25.08,35.46,1.39,0.38,0.47
2010-06,24.49,32.5,1.98,0.46,0.48
2010-07,23.35,32.48,3.22,0.5,0.49
2010-08,22.63,30.34,4.49,0.55,0.53
2010-09,22.56,30.63,2.72,0.54,0.53
2010-10,21.09,28.98,4.24,0.57,0.55
2010-11,19.25,27.88,0.03,0.49,0.51
2010-12,17.67,29.54,0.4,0.47,0.49
2011-01,16.06,27.43,0.43,0.46,0.49
2011-02,18.62,30.32,0.0,0.37,0.47
2011-03,20.27,32.11,1.62,0.41,0.49
2011-04,23.1,32.64,1.32,0.42,0.48
2011-05,22.54,31.86,3.16,0.52,0.52
2011-06,22.92,29.88,3.15,0.53,0.52
2011-07,22.67,31.98,4.07,0.54,0.53
2011-08,21.97,28.32,3.81,0.58,0.56
2011-09,22.07,28.92,3.28,0.58,0.56
2011-10,21.3,29.53,2.54,0.57,0.55
2011-11,18.38,27.47,0.33,0.5,0.52
2011-12,17.38,27.38,0.06,0.47,0.5
2012-01,16.15,27.3,0.26,0.45,0.49
2012-02,18.95,31.25,0.01,0.35,0.47
2012-03,21.82,32.91,0.18,0.32,0.47
2012-04,22.93,33.33,2.35,0.46,0.49
2012-05,23.8,33.07,4.16,0.51,0.51
2012-06,22.68,30.57,3.65,0.56,0.54
2012-07,21.93,28.67,3.39,0.55,0.54
2012-08,22.33,29.43,2.62,0.55,0.54
2012-09,22.65,29.71,2.23,0.54,0.53
2012-10,22.05,30.08,1.82,0.52,0.52
2012-11,20.29,29.15,1.12,0.49,0.5
2012-12,17.11,27.51,0.17,0.46,0.49
2013-01,16.16,27.17,0.94,0.41,0.48
2013-02,19.95,31.94,0.06,0.42,0.48
2013-03,21.97,33.66,0.27,0.33,0.47
2013-04,24.76,34.77,0.24,0.28,0.46
2013-05,23.8,33.71,1.82,0.46,0.48
2013-06,24.09,35.22,2.04,0.46,0.48
2013-07,23.2,31.39,2.32,0.47,0.49
2013-08,22.01,30.15,3.82,0.54,0.52
2013-09,22.56,31.82,3.37,0.54,0.53
2013-10,21.24,30.85,2.46,0.52,0.52
2013-11,21.01,29.74,0.42,0.48,0.5
2013-12,15.92,26.85,1.61,0.5,0.51
2014-01,16.46,27.8,0.0,0.44,0.48
2014-02,18.33,30.34,0.03,0.37,0.47
2014-03,22.17,33.54,0.12,0.3,0.46
2014-04,25.25,35.5,0.39,0.32,0.46
2014-05,24.79,32.9,2.04,0.43,0.48
2014-06,24.14,33.05,2.55,0.49,0.5
2014-07,23.22,32.01,2.18,0.49,0.5
2014-08,22.56,29.67,3.66,0.53,0.51
2014-09,23.11,32.2,1.35,0.5,0.51
2014-10,22.67,31.16,1.16,0.47,0.49
2014-11,20.57,31.11,0.73,0.45,0.48
2014-12,18.39,28.87,0.08,0.36,0.47
2015-01,16.95,28.19,0.92,0.43,0.48
2015-02,18.25,30.93,0.0,0.3,0.46
2015-03,22.67,34.31,0.44,0.28,0.46
2015-04,23.78,33.45,0.92,0.36,0.47
2015-05,24.91,34.93,2.24,0.43,0.48
2015-06,23.99,32.02,2.06,0.48,0.49
2015-07,23.08,32.52,2.57,0.49,0.49
2015-08,23.09,31.22,2.73,0.52,0.51
2015-09,23.73,32.87,1.42,0.47,0.49
2015-10,21.92,30.2,2.09,0.5,0.5
2015-11,20.15,29.45,1.57,0.49,0.5
2015-12,17.47,27.72,0.44,0.45,0.48
2016-01,15.39,26.8,0.59,0.39,0.47
2016-02,18.75,32.07,0.33,0.38,0.47
2016-03,22.4,33.75,0.03,0.3,0.46
2016-04,25.83,36.63,0.31,0.26,0.46
2016-05,25.01,36.09,1.69,0.42,0.48
2016-06,22.99,31.42,3.84,0.52,0.51
2016-07,22.54,30.22,3.29,0.53,0.52
2016-08,22.93,31.0,3.09,0.53,0.52
2016-09,23.03,31.04,2.15,0.53,0.52
2016-10,22.45,30.43,2.38,0.52,0.52
2016-11,20.22,29.37,0.93,0.49,0.51
2016-12,18.75,28.3,0.02,0.43,0.48
2017-01,18.11,29.46,0.48,0.43,0.48
2017-02,19.55,30.87,0.02,0.32,0.46
2017-03,21.36,33.05,0.09,0.28,0.46
2017-04,23.89,34.96,1.13,0.39,0.47
2017-05,25.25,34.96,2.04,0.44,0.48
2017-06,23.74,33.56,2.44,0.49,0.49
2017-07,22.83,30.98,4.17,0.53,0.52
2017-08,22.61,30.33,3.22,0.54,0.53
2017-09,22.77,30.41,3.66,0.57,0.55
2017-10,21.37,29.11,5.64,0.61,0.58
2017-11,19.8,29.2,1.1,0.53,0.53
2017-12,16.84,25.78,0.77,0.51,0.52
2018-01,16.4,26.53,0.25,0.49,0.51
2018-02,18.29,29.76,0.02,0.43,0.48
2018-03,21.76,31.52,0.24,0.36,0.47
2018-04,24.07,34.5,0.88,0.38,0.47
2018-05,23.58,32.66,2.8,0.49,0.49
2018-06,22.92,32.72,3.2,0.52,0.51
2018-07,22.88,31.63,3.38,0.54,0.52
2018-08,22.42,29.57,3.3,0.55,0.54
2018-09,22.92,31.18,2.28,0.54,0.53
2018-10,20.92,29.69,2.54,0.55,0.54
2018-11,19.35,28.51,0.46,0.48,0.5
2018-12,18.31,27.91,0.99,0.48,0.5
2019-01,16.65,26.91,1.35,0.5,0.51
2019-02,19.3,30.68,0.05,0.4,0.47
2019-03,21.59,33.29,0.09,0.34,0.47
2019-04,25.9,36.04,0.08,0.28,0.46
2019-05,25.44,35.9,3.22,0.42,0.49
2019-06,24.38,32.77,1.85,0.49,0.5
2019-07,22.96,31.28,2.52,0.5,0.5
2019-08,22.81,29.37,5.34,0.58,0.55
2019-09,22.6,30.63,2.55,0.55,0.54
2019-10,23.04,31.42,1.19,0.49,0.5
2019-11,20.99,30.09,0.49,0.47,0.49
2019-12,16.75,28.43,0.26,0.43,0.48
2020-01,16.95,27.5,0.18,0.4,0.47
2020-02,18.51,30.78,0.03,0.31,0.46
2020-03,22.28,34.34,0.01,0.26,0.46
2020-04,24.08,35.25,1.58,0.31,0.47
2020-05,25.01,35.18,0.87,0.42,0.48
2020-06,23.94,32.41,3.69,0.5,0.5
2020-07,23.07,30.71,4.07,0.54,0.53
2020-08,22.29,29.72,5.35,0.58,0.55
2020-09,22.79,30.2,2.38,0.56,0.54
2020-10,21.98,29.96,1.73,0.53,0.53
2020-11,19.79,28.46,0.56,0.49,0.51
2020-12,17.93,28.11,0.02,0.45,0.48
2021-01,17.42,29.3,0.09,0.41,0.47
2021-02,17.98,29.21,1.03,0.45,0.48
2021-03,22.81,35.07,0.01,0.3,0.46
2021-04,23.83,34.92,2.03,0.39,0.48
2021-05,24.09,34.95,3.74,0.52,0.52
2021-06,23.14,31.84,2.29,0.5,0.51
2021-07,23.29,31.41,2.87,0.52,0.52
2021-08,22.97,32.13,2.26,0.51,0.51
2021-09,23.25,31.57,2.63,0.51,0.51
2021-10,22.31,31.71,3.53,0.53,0.52
2021-11,21.07,29.21,1.03,0.5,0.51
2021-12,17.68,27.24,0.07,0.45,0.48
2022-01,16.52,27.29,0.53,0.45,0.48
2022-02,17.03,29.63,0.82,0.44,0.48
2022-03,23.36,34.08,0.56,0.36,0.47
2022-04,24.13,34.46,1.46,0.41,0.48
2022-05,23.05,31.77,3.74,0.52,0.51
2022-06,22.78,30.54,3.27,0.5,0.5
2022-07,23.48,31.04,3.6,0.55,0.54
2022-08,22.62,29.57,5.44,0.61,0.57
2022-09,22.37,29.56,4.36,0.6,0.58
2022-10,21.47,28.5,1.66,0.56,0.55
2022-11,20.61,28.5,0.65,0.5,0.51
2022-12,18.27,27.45,0.21,0.48,0.5
2023-01,17.05,29.34,0.01,0.44,0.48
2023-02,18.9,30.07,1.41,0.44,0.49
2023-03,21.74,31.99,0.18,0.4,0.47
2023-04,25.48,35.66,0.13,0.3,0.46
2023-05,25.01,35.37,2.45,0.45,0.49
2023-06,23.99,32.15,2.58,0.49,0.5
2023-07,24.5,33.22,1.92,0.48,0.49
2023-08,23.17,31.1,2.78,0.51,0.51
2023-09,23.25,30.79,5.06,0.57,0.54
2023-10,22.0,29.97,3.8,0.57,0.54
2023-11,20.79,29.28,0.59,0.5,0.51
2023-12,18.79,27.36,0.57,0.48,0.5
2024-01,16.69,27.08,0.13,0.44,0.48
2024-02,19.25,31.01,0.02,0.36,0.47
2024-03,22.73,33.37,0.16,0.3,0.46
2024-04,26.58,37.19,0.36,0.31,0.46
2024-05,25.65,35.64,3.82,0.42,0.48
2024-06,23.58,30.75,6.23,0.57,0.54
2024-07,23.11,30.47,4.85,0.61,0.58
2024-08,22.26,28.46,5.31,0.63,0.59
2024-09,22.74,30.09,4.06,0.63,0.6
2024-10,22.32,29.59,2.51,0.6,0.59
2024-11,19.43,28.39,1.89,0.57,0.56
2024-12,18.55,27.42,0.39,0.52,0.53
2025-01,16.78,27.98,0.0,0.48,0.5
2025-02,19.02,29.19,0.17,0.44,0.48
2025-03,22.53,33.3,0.19,0.38,0.47
2025-04,24.48,34.95,0.42,0.36,0.47
2025-05,23.65,33.74,5.53,0.53,0.52
2025-06,23.07,30.44,3.4,0.56,0.54
2025-07,22.53,29.99,4.61,0.59,0.56
2025-08,22.85,29.64,3.54,0.58,0.56
2025-09,23.11,30.05,3.49,0.57,0.55
2025-10,22.13,29.79,1.97,0.56,0.55
2025-11,18.74,27.03,2.0,0.55,0.54
2025-12,17.45,27.33,0.03,0.48,0.5
